datetime,T_mu_actual,T_mu_pred
2011-01-02,-9.8,-4.942857142857143
2011-01-03,-11.55,-9.8
2011-01-04,-11.025,-11.55
2011-01-05,-8.125,-11.025
2011-01-06,-4.1875,-8.125
2011-01-08,-1.475,-4.1875
2011-01-09,0.9375,-1.475
2011-01-10,1.225,0.9375
2011-01-11,0.9625,1.225
2011-01-12,-1.5375,0.9625
2011-01-13,-2.85,-1.5375
2011-01-14,-5.3625,-2.85
2011-01-15,-13.375000000000002,-5.3625
2011-01-16,-10.175,-13.375000000000002
2011-01-17,0.17500000000000004,-10.175
2011-01-18,0.8,0.17500000000000004
2011-01-19,0.325,0.8
2011-01-20,-2.55,0.325
2011-01-21,-5.825000000000001,-2.55
2011-01-22,-4.312499999999999,-5.825000000000001
2011-01-23,-5.8125,-4.312499999999999
2011-01-24,-2.65,-5.8125
2011-01-25,-2.175,-2.65
2011-01-26,-11.6625,-2.175
2011-01-27,-10.287499999999998,-11.6625
2011-01-28,-1.8375,-10.287499999999998
2011-01-29,-0.6625,-1.8375
2011-01-30,-2.7750000000000004,-0.6625
2011-01-31,-1.9125,-2.7750000000000004
2011-02-01,-0.5625000000000001,-1.9125
2011-02-02,1.175,-0.5625000000000001
2011-02-03,0.5875,1.175
2011-02-04,0.9875,0.5875
2011-02-05,-0.02500000000000001,0.9875
2011-02-06,-1.8875,-0.02500000000000001
2011-02-08,-0.3125,-1.8875
2011-02-10,-9.975,-0.3125
2011-02-11,-10.1375,-9.975
2011-02-12,-11.825,-10.1375
2011-02-13,-17.0875,-11.825
2011-02-14,-17.8625,-17.0875
2011-02-15,-17.5875,-17.8625
2011-02-16,-16.1875,-17.5875
2011-02-17,-17.687500000000004,-16.1875
2011-02-18,-19.3125,-17.687500000000004
2011-02-19,-18.075,-19.3125
2011-02-20,-17.35,-18.075
2011-02-21,-16.6625,-17.35
2011-02-22,-13.724999999999998,-16.6625
2011-02-23,-16.2875,-13.724999999999998
2011-02-24,-17.512500000000006,-16.2875
2011-02-25,-13.525,-17.512500000000006
2011-02-26,-4.7250000000000005,-13.525
2011-02-27,-4.1625,-4.7250000000000005
2011-02-28,-7.200000000000001,-4.1625
2011-03-01,-3.9714285714285715,-7.200000000000001
2011-03-02,-1.7500000000000002,-3.9714285714285715
2011-03-03,8.326672684688674e-17,-1.7500000000000002
2011-03-04,-0.20000000000000007,8.326672684688674e-17
2011-03-05,0.3750000000000001,-0.20000000000000007
2011-03-06,-2.2875,0.3750000000000001
2011-03-07,-3.6625,-2.2875
2011-03-08,-0.325,-3.6625
2011-03-09,0.625,-0.325
2011-03-10,1.275,0.625
2011-03-11,0.4625000000000001,1.275
2011-03-12,0.0875,0.4625000000000001
2011-03-13,0.1,0.0875
2011-03-14,1.0375,0.1
2011-03-15,-2.425,1.0375
2011-03-16,-3.05,-2.425
2011-03-17,-3.35,-3.05
2011-03-18,-0.8124999999999999,-3.35
2011-03-19,-1.4500000000000002,-0.8124999999999999
2011-03-20,-0.675,-1.4500000000000002
2011-03-21,-0.6499999999999999,-0.675
2011-03-22,2.8125,-0.6499999999999999
2011-03-23,2.625,2.8125
2011-03-24,-0.1875,2.625
2011-03-25,-4.1875,-0.1875
2011-03-26,-4.275,-4.1875
2011-03-27,-1.4714285714285715,-4.275
2011-03-28,-0.3125,-1.4714285714285715
2011-03-29,-1.7125,-0.3125
2011-03-30,-0.5999999999999999,-1.7125
2011-03-31,-2.500000000000001,-0.5999999999999999
2011-04-01,-0.85,-2.500000000000001
2011-04-02,1.3750000000000002,-0.85
2011-04-03,2.157142857142857,1.3750000000000002
2011-04-04,3.775,2.157142857142857
2011-04-05,1.8875,3.775
2011-04-06,2.5125,1.8875
2011-04-07,1.9625,2.5125
2011-04-08,2.3875,1.9625
2011-04-09,4.2625,2.3875
2011-04-10,5.3625,4.2625
2011-04-11,3.0875,5.3625
2011-04-12,3.6,3.0875
2011-04-13,3.2625,3.6
2011-04-14,3.662500000000001,3.2625
2011-04-15,3.5,3.662500000000001
2011-04-16,4.7625,3.5
2011-04-17,7.325,4.7625
2011-04-18,9.0125,7.325
2011-04-19,6.2,9.0125
2011-04-20,4.075,6.2
2011-04-21,6.950000000000001,4.075
2011-04-22,8.0,6.950000000000001
2011-04-23,8.987499999999997,8.0
2011-04-24,9.9875,8.987499999999997
2011-04-25,11.2375,9.9875
2011-04-26,10.95,11.2375
2011-04-27,11.6125,10.95
2011-04-28,9.725,11.6125
2011-04-29,8.325000000000001,9.725
2011-04-30,7.8125,8.325000000000001
2011-05-01,5.1125,7.8125
2011-05-02,3.95,5.1125
2011-05-03,3.957142857142857,3.95
2011-05-04,4.550000000000002,3.957142857142857
2011-05-05,7.137499999999998,4.550000000000002
2011-05-06,8.975000000000003,7.137499999999998
2011-05-07,9.4625,8.975000000000003
2011-05-08,11.9875,9.4625
2011-05-09,12.475,11.9875
2011-05-10,13.85,12.475
2011-05-11,13.5875,13.85
2011-05-12,13.45,13.5875
2011-05-13,10.975,13.45
2011-05-14,9.3125,10.975
2011-05-15,9.1125,9.3125
2011-05-16,8.6625,9.1125
2011-05-17,8.475,8.6625
2011-05-18,11.0875,8.475
2011-05-19,9.25,11.0875
2011-05-20,10.8875,9.25
2011-05-21,10.775,10.8875
2011-05-22,12.3375,10.775
2011-05-23,11.025,12.3375
2011-05-24,11.4125,11.025
2011-05-25,9.625000000000002,11.4125
2011-05-26,11.9375,9.625000000000002
2011-05-27,9.4125,11.9375
2011-05-28,10.5875,9.4125
2011-05-29,9.925,10.5875
2011-05-30,10.05,9.925
2011-05-31,12.775,10.05
2011-06-01,19.6625,12.775
2011-06-02,13.95,19.6625
2011-06-03,16.55,13.95
2011-06-04,16.45,16.55
2011-06-05,15.5875,16.45
2011-06-06,15.275,15.5875
2011-06-07,18.1625,15.275
2011-06-08,19.1125,18.1625
2011-06-09,19.550000000000004,19.1125
2011-06-10,23.2125,19.550000000000004
2011-06-11,21.1625,23.2125
2011-06-12,20.825,21.1625
2011-06-13,13.35,20.825
2011-06-14,12.3375,13.35
2011-06-15,12.9,12.3375
2011-06-16,14.5875,12.9
2011-06-17,15.028571428571427,14.5875
2011-06-18,14.45,15.028571428571427
2011-06-19,13.1875,14.45
2011-06-20,14.55,13.1875
2011-06-21,14.6875,14.55
2011-06-22,15.699999999999998,14.6875
2011-06-23,14.65,15.699999999999998
2011-06-24,14.4625,14.65
2011-06-25,14.5125,14.4625
2011-06-26,16.35,14.5125
2011-06-28,20.15,16.35
2011-06-29,18.8375,20.15
2011-06-30,20.375,18.8375
2011-07-01,22.85,20.375
2011-07-02,24.35,22.85
2011-07-03,21.7625,24.35
2011-07-04,18.0875,21.7625
2011-07-05,17.5,18.0875
2011-07-06,20.225,17.5
2011-07-07,21.2625,20.225
2011-07-08,22.4125,21.2625
2011-07-09,23.0375,22.4125
2011-07-10,21.925,23.0375
2011-07-11,21.575,21.925
2011-07-12,19.5125,21.575
2011-07-13,18.55,19.5125
2011-07-14,17.075,18.55
2011-07-15,16.387500000000006,17.075
2011-07-16,17.624999999999996,16.387500000000006
2011-07-17,17.725,17.624999999999996
2011-07-18,19.4875,17.725
2011-07-19,19.9,19.4875
2011-07-20,19.5125,19.9
2011-07-21,22.775,19.5125
2011-07-22,24.3375,22.775
2011-07-23,23.5,24.3375
2011-07-24,19.925,23.5
2011-07-25,19.95,19.925
2011-07-26,21.0625,19.95
2011-07-27,22.625,21.0625
2011-07-28,21.45,22.625
2011-07-29,22.05,21.45
2011-07-30,21.125,22.05
2011-08-01,18.13333333333333,21.125
2011-08-02,16.175,18.13333333333333
2011-08-03,18.1625,16.175
2011-08-04,19.025,18.1625
2011-08-05,19.575,19.025
2011-08-06,19.0625,19.575
2011-08-07,20.55,19.0625
2011-08-08,19.5875,20.55
2011-08-09,17.287499999999998,19.5875
2011-08-10,16.237499999999994,17.287499999999998
2011-08-11,14.9375,16.237499999999994
2011-08-12,15.25,14.9375
2011-08-13,16.4875,15.25
2011-08-14,17.15,16.4875
2011-08-15,17.3,17.15
2011-08-16,18.75,17.3
2011-08-17,18.1375,18.75
2011-08-18,17.2375,18.1375
2011-08-19,16.35,17.2375
2011-08-20,18.9375,16.35
2011-08-21,16.225,18.9375
2011-08-22,16.775,16.225
2011-08-23,16.4,16.775
2011-08-24,17.700000000000006,16.4
2011-08-25,17.5125,17.700000000000006
2011-08-26,20.125,17.5125
2011-08-27,20.7375,20.125
2011-08-28,19.85,20.7375
2011-08-29,15.8,19.85
2011-08-30,15.0875,15.8
2011-08-31,13.4375,15.0875
2011-09-01,13.325,13.4375
2011-09-02,12.624999999999998,13.325
2011-09-03,14.287499999999998,12.624999999999998
2011-09-04,14.275,14.287499999999998
2011-09-05,16.9125,14.275
2011-09-06,16.65,16.9125
2011-09-07,15.9,16.65
2011-09-08,14.9125,15.9
2011-09-09,14.4625,14.9125
2011-09-10,13.612499999999995,14.4625
2011-09-11,14.3625,13.612499999999995
2011-09-12,15.5125,14.3625
2011-09-13,15.45,15.5125
2011-09-14,14.3,15.45
2011-09-15,14.0875,14.3
2011-09-16,12.9875,14.0875
2011-09-17,12.775,12.9875
2011-09-18,12.3875,12.775
2011-09-19,12.812500000000002,12.3875
2011-09-20,14.075,12.812500000000002
2011-09-21,13.5375,14.075
2011-09-22,13.1875,13.5375
2011-09-23,12.3,13.1875
2011-09-24,10.0125,12.3
2011-09-25,9.8125,10.0125
2011-09-26,11.6875,9.8125
2011-09-27,13.9,11.6875
2011-09-28,10.849999999999998,13.9
2011-09-29,11.0,10.849999999999998
2011-09-30,16.5,11.0
2011-10-01,10.942857142857141,16.5
2011-10-02,8.4375,10.942857142857141
2011-10-03,11.7875,8.4375
2011-10-04,11.2875,11.7875
2011-10-05,11.5875,11.2875
2011-10-06,11.5,11.5875
2011-10-07,11.175,11.5
2011-10-08,9.55,11.175
2011-10-09,6.6875,9.55
2011-10-10,8.9,6.6875
2011-10-11,7.6374999999999975,8.9
2011-10-12,5.687499999999999,7.6374999999999975
2011-10-13,5.9875,5.687499999999999
2011-10-14,4.625,5.9875
2011-10-15,5.074999999999998,4.625
2011-10-16,8.924999999999997,5.074999999999998
2011-10-17,9.55,8.924999999999997
2011-10-18,8.9,9.55
2011-10-19,8.200000000000001,8.9
2011-10-20,8.462500000000002,8.200000000000001
2011-10-21,5.8625,8.462500000000002
2011-10-22,8.314285714285715,5.8625
2011-10-23,6.375,8.314285714285715
2011-10-24,9.2,6.375
2011-10-25,7.799999999999999,9.2
2011-10-26,7.85,7.799999999999999
2011-10-27,7.574999999999998,7.85
2011-10-28,8.1625,7.574999999999998
2011-10-29,9.2,8.1625
2011-10-30,9.1,9.2
2011-10-31,9.825,9.1
2011-11-01,9.312500000000002,9.825
2011-11-02,10.562500000000002,9.312500000000002
2011-11-03,9.9875,10.562500000000002
2011-11-04,8.4375,9.9875
2011-11-05,8.1625,8.4375
2011-11-06,7.012499999999998,8.1625
2011-11-07,7.737499999999999,7.012499999999998
2011-11-08,7.3875,7.737499999999999
2011-11-09,2.7,7.3875
2011-11-10,1.775,2.7
2011-11-11,5.4750000000000005,1.775
2011-11-12,3.7875,5.4750000000000005
2011-11-13,6.0,3.7875
2011-11-15,0.7125000000000001,6.0
2011-11-16,2.9,0.7125000000000001
2011-11-17,4.95,2.9
2011-11-18,5.0375,4.95
2011-11-19,3.3875,5.0375
2011-11-20,-2.3,3.3875
2011-11-21,3.2125,-2.3
2011-11-22,2.7375,3.2125
2011-11-23,5.4625,2.7375
2011-11-24,6.7375,5.4625
2011-11-25,7.1625000000000005,6.7375
2011-11-26,5.2125,7.1625000000000005
2011-11-27,7.385714285714287,5.2125
2011-11-28,3.2875,7.385714285714287
2011-11-29,3.7,3.2875
2011-11-30,6.557142857142857,3.7
2011-12-01,5.4625,6.557142857142857
2011-12-02,5.25,5.4625
2011-12-03,3.1750000000000003,5.25
2011-12-04,4.749999999999999,3.1750000000000003
2011-12-05,3.975,4.749999999999999
2011-12-06,2.325,3.975
2011-12-07,2.5125,2.325
2011-12-08,3.0625,2.5125
2011-12-09,2.0625,3.0625
2011-12-10,3.8125,2.0625
2011-12-11,1.9875,3.8125
2011-12-12,1.8375,1.9875
2011-12-13,4.025,1.8375
2011-12-14,4.8625,4.025
2011-12-15,4.5375,4.8625
2011-12-16,4.175000000000002,4.5375
2011-12-17,3.1125000000000003,4.175000000000002
2011-12-18,4.3500000000000005,3.1125000000000003
2011-12-19,3.375,4.3500000000000005
2011-12-20,2.9375,3.375
2011-12-21,2.4875000000000003,2.9375
2011-12-22,0.1875,2.4875000000000003
2011-12-23,2.3374999999999995,0.1875
2011-12-25,3.075,2.3374999999999995
2011-12-26,6.237500000000002,3.075
2011-12-27,5.7625,6.237500000000002
2011-12-28,2.15,5.7625
2011-12-29,4.75,2.15
2012-01-03,3.6375,4.75
2012-01-04,3.1625,3.6375
2012-01-05,3.2375000000000003,3.1625
2012-01-06,-0.08749999999999998,3.2375000000000003
2012-01-07,-3.1374999999999997,-0.08749999999999998
2012-01-08,-8.9375,-3.1374999999999997
2012-01-09,-4.749999999999999,-8.9375
2012-01-10,-4.875000000000001,-4.749999999999999
2012-01-11,1.1875,-4.875000000000001
2012-01-12,1.85,1.1875
2012-01-13,-1.525,1.85
2012-01-14,-5.5625,-1.525
2012-01-15,-6.8375,-5.5625
2012-01-16,-8.575,-6.8375
2012-01-17,-3.1250000000000004,-8.575
2012-01-18,-1.6625,-3.1250000000000004
2012-01-19,-0.75,-1.6625
2012-01-20,-0.3750000000000001,-0.75
2012-01-21,-1.025,-0.3750000000000001
2012-01-22,-2.15,-1.025
2012-01-23,-2.8000000000000003,-2.15
2012-01-24,-5.362500000000002,-2.8000000000000003
2012-01-25,-6.8375,-5.362500000000002
2012-01-26,-5.0857142857142845,-6.8375
2012-01-27,-5.9625,-5.0857142857142845
2012-01-28,-5.525,-5.9625
2012-01-29,-10.562499999999998,-5.525
2012-01-30,-9.4625,-10.562499999999998
2012-01-31,-12.175,-9.4625
2012-02-03,-14.8375,-12.175
2012-02-04,-17.237499999999994,-14.8375
2012-02-05,-17.387500000000006,-17.237499999999994
2012-02-07,-5.0625,-17.387500000000006
2012-02-08,-14.687500000000002,-5.0625
2012-02-09,-13.114285714285712,-14.687500000000002
2012-02-10,-17.1875,-13.114285714285712
2012-02-11,-9.2625,-17.1875
2012-02-12,-4.637499999999998,-9.2625
2012-02-13,-7.7875,-4.637499999999998
2012-02-14,-4.071428571428572,-7.7875
2012-02-15,-3.75,-4.071428571428572
2012-02-16,-4.512500000000001,-3.75
2012-02-17,-3.625,-4.512500000000001
2012-02-18,-4.3375,-3.625
2012-02-19,-3.4125,-4.3375
2012-02-20,-0.6499999999999999,-3.4125
2012-02-21,0.5,-0.6499999999999999
2012-02-23,1.075,0.5
2012-02-24,-1.3375,1.075
2012-02-25,-2.6375,-1.3375
2012-02-26,-3.475,-2.6375
2012-02-27,-5.625000000000001,-3.475
2012-02-28,-2.9375000000000004,-5.625000000000001
2012-02-29,0.5125,-2.9375000000000004
2012-03-01,0.2857142857142857,0.5125
2012-03-02,1.95,0.2857142857142857
2012-03-03,0.04999999999999999,1.95
2012-03-04,-3.1499999999999995,0.04999999999999999
2012-03-05,-4.437499999999999,-3.1499999999999995
2012-03-06,-6.275,-4.437499999999999
2012-03-07,-7.475,-6.275
2012-03-08,-4.075,-7.475
2012-03-09,-1.7500000000000002,-4.075
2012-03-10,0.9,-1.7500000000000002
2012-03-11,2.075,0.9
2012-03-12,4.3500000000000005,2.075
2012-03-13,2.625,4.3500000000000005
2012-03-14,0.325,2.625
2012-03-15,-0.5499999999999999,0.325
2012-03-16,1.6125,-0.5499999999999999
2012-03-17,0.95,1.6125
2012-03-18,1.3625,0.95
2012-03-19,1.3875000000000002,1.3625
2012-03-20,2.7125,1.3875000000000002
2012-03-21,2.775,2.7125
2012-03-22,5.925,2.775
2012-03-23,5.3625,5.925
2012-03-24,2.5875,5.3625
2012-03-25,0.7142857142857143,2.5875
2012-03-26,1.6875,0.7142857142857143
2012-03-27,4.55,1.6875
2012-03-28,4.7125,4.55
2012-03-29,3.2,4.7125
2012-03-30,1.3875,3.2
2012-03-31,0.1125,1.3875
2012-04-01,-1.5124999999999995,0.1125
2012-04-02,-6.938893903907227e-18,-1.5124999999999995
2012-04-03,-1.1,-6.938893903907227e-18
2012-04-04,0.4000000000000001,-1.1
2012-04-05,2.1375,0.4000000000000001
2012-04-06,1.5125,2.1375
2012-04-07,-0.3375000000000001,1.5125
2012-04-08,0.4249999999999998,-0.3375000000000001
2012-04-09,0.6000000000000001,0.4249999999999998
2012-04-10,3.5875000000000004,0.6000000000000001
2012-04-11,4.575,3.5875000000000004
2012-04-13,5.2250000000000005,4.575
2012-04-14,3.625,5.2250000000000005
2012-04-15,4.4875,3.625
2012-04-16,4.1125,4.4875
2012-04-17,2.7125,4.1125
2012-04-18,3.35,2.7125
2012-04-19,2.75,3.35
2012-04-20,3.975000000000001,2.75
2012-04-21,5.2375,3.975000000000001
2012-04-22,6.5125,5.2375
2012-04-23,7.75,6.5125
2012-04-24,6.2875,7.75
2012-04-25,7.1125,6.2875
2012-04-26,7.2,7.1125
2012-04-27,9.05,7.2
2012-04-28,8.475,9.05
2012-04-29,9.1875,8.475
2012-04-30,8.2,9.1875
2012-05-01,9.749999999999998,8.2
2012-05-02,8.075,9.749999999999998
2012-05-03,8.2375,8.075
2012-05-04,6.975,8.2375
2012-05-05,7.512499999999998,6.975
2012-05-06,6.8375,7.512499999999998
2012-05-07,7.4875,6.8375
2012-05-08,9.3875,7.4875
2012-05-09,10.0875,9.3875
2012-05-10,12.575,10.0875
2012-05-11,10.9,12.575
2012-05-12,8.85,10.9
2012-05-13,8.3875,8.85
2012-05-14,9.05,8.3875
2012-05-15,10.375000000000002,9.05
2012-05-16,12.475,10.375000000000002
2012-05-17,12.5125,12.475
2012-05-18,9.2375,12.5125
2012-05-19,9.525,9.2375
2012-05-20,12.099999999999998,9.525
2012-05-21,15.437499999999995,12.099999999999998
2012-05-22,16.0,15.437499999999995
2012-05-23,13.15,16.0
2012-05-24,11.4125,13.15
2012-05-25,13.475,11.4125
2012-05-26,17.25,13.475
2012-05-27,17.1125,17.25
2012-05-28,13.637499999999998,17.1125
2012-05-29,10.8875,13.637499999999998
2012-05-30,9.6125,10.8875
2012-05-31,10.4875,9.6125
2012-06-01,10.2375,10.4875
2012-06-02,10.375,10.2375
2012-06-03,8.9375,10.375
2012-06-04,10.7875,8.9375
2012-06-05,10.775,10.7875
2012-06-08,14.475,10.775
2012-06-09,11.7125,14.475
2012-06-10,12.425,11.7125
2012-06-11,12.8125,12.425
2012-06-12,16.275000000000002,12.8125
2012-06-13,16.55,16.275000000000002
2012-06-14,15.4875,16.55
2012-06-15,15.9875,15.4875
2012-06-16,18.1625,15.9875
2012-06-17,13.55,18.1625
2012-06-18,15.025,13.55
2012-06-19,13.2,15.025
2012-06-20,15.512500000000005,13.2
2012-06-21,16.1875,15.512500000000005
2012-06-22,16.1375,16.1875
2012-06-23,14.8,16.1375
2012-06-24,12.8,14.8
2012-06-25,12.05,12.8
2012-06-26,14.4375,12.05
2012-06-27,15.125,14.4375
2012-06-28,13.85,15.125
2012-06-29,13.3,13.85
2012-06-30,14.8375,13.3
2012-07-01,16.362500000000004,14.8375
2012-07-02,16.575,16.362500000000004
2012-07-03,16.9,16.575
2012-07-04,18.1,16.9
2012-07-05,19.725,18.1
2012-07-06,19.8125,19.725
2012-07-07,19.5375,19.8125
2012-07-09,18.2125,19.5375
2012-07-10,17.8,18.2125
2012-07-11,16.962500000000002,17.8
2012-07-12,17.312499999999996,16.962500000000002
2012-07-13,16.7875,17.312499999999996
2012-07-14,16.2125,16.7875
2012-07-15,16.225,16.2125
2012-07-17,16.0,16.225
2012-07-18,16.4,16.0
2012-07-19,17.075,16.4
2012-07-21,16.1875,17.075
2012-07-22,15.5375,16.1875
2012-07-23,14.9,15.5375
2012-07-24,16.65,14.9
2012-07-25,17.65,16.65
2012-07-26,19.5125,17.65
2012-07-27,19.0375,19.5125
2012-07-28,19.4875,19.0375
2012-07-29,22.262500000000006,19.4875
2012-07-30,20.45,22.262500000000006
2012-07-31,18.4375,20.45
2012-08-01,17.35,18.4375
2012-08-02,17.662499999999994,17.35
2012-08-03,18.187500000000004,17.662499999999994
2012-08-04,18.0375,18.187500000000004
2012-08-05,18.175,18.0375
2012-08-06,17.6875,18.175
2012-08-07,17.375,17.6875
2012-08-09,13.2375,17.375
2012-08-10,12.2625,13.2375
2012-08-11,12.6,12.2625
2012-08-12,13.2375,12.6
2012-08-13,15.4375,13.2375
2012-08-14,17.5625,15.4375
2012-08-15,18.65,17.5625
2012-08-16,18.1625,18.65
2012-08-17,17.75,18.1625
2012-08-18,18.5,17.75
2012-08-19,17.7,18.5
2012-08-20,14.4375,17.7
2012-08-21,13.5875,14.4375
2012-08-22,16.3125,13.5875
2012-08-23,14.725,16.3125
2012-08-24,14.25,14.725
2012-08-25,15.312499999999998,14.25
2012-08-26,15.5875,15.312499999999998
2012-08-27,16.8375,15.5875
2012-08-28,13.8875,16.8375
2012-08-29,14.925000000000002,13.8875
2012-08-30,14.275,14.925000000000002
2012-08-31,15.6875,14.275
2012-09-01,14.2,15.6875
2012-09-02,15.757142857142858,14.2
2012-09-03,16.712500000000002,15.757142857142858
2012-09-04,14.1125,16.712500000000002
2012-09-05,16.1625,14.1125
2012-09-06,12.875,16.1625
2012-09-07,10.2625,12.875
2012-09-08,10.3625,10.2625
2012-09-09,9.9875,10.3625
2012-09-10,11.437500000000002,9.9875
2012-09-11,15.6875,11.437500000000002
2012-09-12,15.15,15.6875
2012-09-13,12.4625,15.15
2012-09-14,12.5125,12.4625
2012-09-15,13.7125,12.5125
2012-09-16,12.3375,13.7125
2012-09-17,14.6625,12.3375
2012-09-18,13.8,14.6625
2012-09-19,13.574999999999998,13.8
2012-09-20,11.587500000000002,13.574999999999998
2012-09-21,11.1875,11.587500000000002
2012-09-22,12.275,11.1875
2012-09-23,9.275,12.275
2012-09-24,8.299999999999999,9.275
2012-09-25,8.7375,8.299999999999999
2012-09-26,9.4125,8.7375
2012-09-27,13.0875,9.4125
2012-09-28,12.1,13.0875
2012-09-29,11.062500000000002,12.1
2012-09-30,11.849999999999998,11.062500000000002
2012-10-01,10.5875,11.849999999999998
2012-10-02,12.8,10.5875
2012-10-03,12.6125,12.8
2012-10-04,12.225,12.6125
2012-10-05,11.6,12.225
2012-10-06,9.425,11.6
2012-10-07,10.374999999999998,9.425
2012-10-08,8.05,10.374999999999998
2012-10-10,6.8500000000000005,8.05
2012-10-11,6.8125,6.8500000000000005
2012-10-12,4.725,6.8125
2012-10-13,4.875,4.725
2012-10-14,5.5375,4.875
2012-10-15,6.025,5.5375
2012-10-16,10.875,6.025
2012-10-17,8.6,10.875
2012-10-18,10.4375,8.6
2012-10-19,12.15,10.4375
2012-10-20,9.562499999999998,12.15
2012-10-21,6.725,9.562499999999998
2012-10-22,4.887499999999998,6.725
2012-10-23,4.275,4.887499999999998
2012-10-24,6.2875,4.275
2012-10-25,1.4499999999999995,6.2875
2012-10-26,-1.7374999999999998,1.4499999999999995
2012-10-27,-1.5750000000000002,-1.7374999999999998
2012-10-28,-1.1777777777777778,-1.5750000000000002
2012-10-29,2.05,-1.1777777777777778
2012-10-30,2.675,2.05
2012-11-02,6.612500000000002,2.675
2012-11-03,6.675000000000002,6.612500000000002
2012-11-04,2.9000000000000004,6.675000000000002
2012-11-05,4.425000000000002,2.9000000000000004
2012-11-06,1.1125,4.425000000000002
2012-11-07,3.15,1.1125
2012-11-08,3.05,3.15
2012-11-09,-0.5625,3.05
2012-11-10,3.7375,-0.5625
2012-11-11,5.5375,3.7375
2012-11-12,6.85,5.5375
2012-11-13,2.975,6.85
2012-11-14,7.475,2.975
2012-11-15,6.624999999999999,7.475
2012-11-16,5.3375,6.624999999999999
2012-11-17,7.4875,5.3375
2012-11-18,5.5,7.4875
2012-11-19,5.574999999999998,5.5
2012-11-20,7.0875,5.574999999999998
2012-11-21,7.475000000000001,7.0875
2012-11-22,5.925,7.475000000000001
2012-11-23,6.85,5.925
2012-11-24,6.800000000000002,6.85
2012-11-25,4.687500000000001,6.800000000000002
2012-11-26,2.05,4.687500000000001
2012-11-27,1.775,2.05
2012-11-28,0.02500000000000005,1.775
2012-11-29,-2.825,0.02500000000000005
2012-11-30,-5.3500000000000005,-2.825
2012-12-01,-8.55,-5.3500000000000005
2012-12-02,-9.9,-8.55
2012-12-03,-10.275,-9.9
2012-12-05,-10.450000000000003,-10.275
2012-12-06,-1.5375000000000003,-10.450000000000003
2012-12-07,-2.575,-1.5375000000000003
2012-12-08,-1.5375,-2.575
2012-12-09,-1.9625,-1.5375
2012-12-10,-3.7375,-1.9625
2012-12-11,-3.6875,-3.7375
2012-12-12,-0.925,-3.6875
2012-12-13,-2.675,-0.925
2012-12-14,-2.4625,-2.675
2012-12-15,-3.7,-2.4625
2012-12-17,-5.3875,-3.7
2012-12-18,-6.4625,-5.3875
2012-12-19,-7.1375,-6.4625
2012-12-20,-9.8625,-7.1375
2012-12-21,-9.900000000000002,-9.8625
2012-12-22,-11.4375,-9.900000000000002
2012-12-23,-5.9499999999999975,-11.4375
2012-12-24,-9.528571428571428,-5.9499999999999975
2012-12-25,-8.0375,-9.528571428571428
2012-12-26,-10.2375,-8.0375
2012-12-28,-1.6124999999999998,-10.2375
2012-12-29,-5.2875,-1.6124999999999998
2012-12-30,0.29999999999999993,-5.2875
2012-12-31,1.8625,0.29999999999999993
2013-01-01,2.6,1.8625
2013-01-02,2.0125,2.6
2013-01-03,0.625,2.0125
2013-01-04,1.1124999999999998,0.625
2013-01-05,-2.7625,1.1124999999999998
2013-01-06,-4.9875,-2.7625
2013-01-07,-5.0375,-4.9875
2013-01-08,-0.3875,-5.0375
2013-01-09,-0.7749999999999999,-0.3875
2013-01-10,-3.7375,-0.7749999999999999
2013-01-11,-7.508333333333334,-3.7375
2013-01-12,-10.775,-7.508333333333334
2013-01-13,-7.825,-10.775
2013-01-14,-3.5875,-7.825
2013-01-15,-5.875,-3.5875
2013-01-16,-5.512499999999998,-5.875
2013-01-17,-9.0375,-5.512499999999998
2013-01-18,-16.637499999999996,-9.0375
2013-01-19,-16.3125,-16.637499999999996
2013-01-20,-7.9625,-16.3125
2013-01-21,-8.7625,-7.9625
2013-01-22,-6.1875,-8.7625
2013-01-24,-9.9125,-6.1875
2013-01-25,-9.1375,-9.9125
2013-01-26,-3.1375,-9.1375
2013-01-27,-4.712500000000001,-3.1375
2013-01-28,-3.649999999999999,-4.712500000000001
2013-01-29,0.18571428571428567,-3.649999999999999
2013-01-30,-0.07500000000000008,0.18571428571428567
2013-01-31,1.5499999999999994,-0.07500000000000008
2013-02-01,-0.8624999999999999,1.5499999999999994
2013-02-02,-1.642857142857143,-0.8624999999999999
2013-02-03,-2.9249999999999994,-1.642857142857143
2013-02-04,-2.975,-2.9249999999999994
2013-02-05,-1.8125,-2.975
2013-02-06,-1.375,-1.8125
2013-02-07,-1.275,-1.375
2013-02-08,-2.662499999999999,-1.275
2013-02-09,-0.8250000000000001,-2.662499999999999
2013-02-10,0.17500000000000004,-0.8250000000000001
2013-02-11,-0.325,0.17500000000000004
2013-02-12,-1.15,-0.325
2013-02-13,0.375,-1.15
2013-02-14,-0.125,0.375
2013-02-15,-2.75,-0.125
2013-02-16,-2.8500000000000005,-2.75
2013-02-17,-0.5875,-2.8500000000000005
2013-02-18,-1.15,-0.5875
2013-02-19,-4.212500000000001,-1.15
2013-02-20,-4.575000000000001,-4.212500000000001
2013-02-21,-6.769999999999999,-4.575000000000001
2013-02-22,-2.7500000000000004,-6.769999999999999
2013-02-23,-1.5375,-2.7500000000000004
2013-02-24,-4.25,-1.5375
2013-02-25,-4.025,-4.25
2013-02-26,-2.1,-4.025
2013-02-27,1.55,-2.1
2013-02-28,2.8375,1.55
2013-03-01,-0.6428571428571429,2.8375
2013-03-02,-8.387500000000001,-0.6428571428571429
2013-03-03,-6.7,-8.387500000000001
2013-03-04,-9.0,-6.7
2013-03-05,-1.3624999999999998,-9.0
2013-03-06,0.9625,-1.3624999999999998
2013-03-07,-4.8500000000000005,0.9625
2013-03-08,-7.2125,-4.8500000000000005
2013-03-09,-8.600000000000001,-7.2125
2013-03-10,-10.35,-8.600000000000001
2013-03-11,-7.2625,-10.35
2013-03-12,-6.562499999999999,-7.2625
2013-03-13,-5.825,-6.562499999999999
2013-03-14,-10.15,-5.825
2013-03-15,-9.071428571428571,-10.15
2013-03-19,-6.8500000000000005,-9.071428571428571
2013-03-20,-4.1125,-6.8500000000000005
2013-03-21,-6.525,-4.1125
2013-03-22,-8.987499999999997,-6.525
2013-03-23,-4.5,-8.987499999999997
2013-03-24,-2.1625,-4.5
2013-03-25,-2.0375,-2.1625
2013-03-26,-1.2571428571428571,-2.0375
2013-03-27,-2.5875,-1.2571428571428571
2013-03-28,-0.9625,-2.5875
2013-03-29,-1.7750000000000004,-0.9625
2013-03-30,-1.8125,-1.7750000000000004
2013-03-31,-1.6,-1.8125
2013-04-01,-1.125,-1.6
2013-04-02,0.925,-1.125
2013-04-03,0.6374999999999998,0.925
2013-04-04,0.4749999999999999,0.6374999999999998
2013-04-05,1.85,0.4749999999999999
2013-04-06,0.8875000000000001,1.85
2013-04-07,-0.7375,0.8875000000000001
2013-04-08,-0.7999999999999999,-0.7375
2013-04-09,-1.3571428571428572,-0.7999999999999999
2013-04-10,0.475,-1.3571428571428572
2013-04-11,1.7142857142857142,0.475
2013-04-12,2.6250000000000004,1.7142857142857142
2013-04-13,2.8125,2.6250000000000004
2013-04-14,2.6750000000000003,2.8125
2013-04-15,2.8625,2.6750000000000003
2013-04-16,4.1000000000000005,2.8625
2013-04-17,4.875,4.1000000000000005
2013-04-18,5.0875,4.875
2013-04-19,5.0125,5.0875
2013-04-20,6.074999999999998,5.0125
2013-04-21,4.8375,6.074999999999998
2013-04-22,4.7625,4.8375
2013-04-23,5.7250000000000005,4.7625
2013-04-25,7.550000000000002,5.7250000000000005
2013-04-26,4.075,7.550000000000002
2013-04-27,4.1625,4.075
2013-04-28,3.0375,4.1625
2013-04-29,6.1000000000000005,3.0375
2013-04-30,5.9125000000000005,6.1000000000000005
2013-05-01,8.225,5.9125000000000005
2013-05-02,5.7875,8.225
2013-05-03,6.7625,5.7875
2013-05-04,7.550000000000002,6.7625
2013-05-05,7.500000000000001,7.550000000000002
2013-05-06,7.675,7.500000000000001
2013-05-08,12.6,7.675
2013-05-09,12.7625,12.6
2013-05-10,11.5,12.7625
2013-05-11,11.025,11.5
2013-05-12,11.7,11.025
2013-05-13,11.1625,11.7
2013-05-14,10.8,11.1625
2013-05-15,9.55,10.8
2013-05-16,13.299999999999995,9.55
2013-05-17,16.5625,13.299999999999995
2013-05-18,16.1875,16.5625
2013-05-19,17.5125,16.1875
2013-05-20,15.9125,17.5125
2013-05-21,15.575,15.9125
2013-05-22,11.812500000000002,15.575
2013-05-23,10.2125,11.812500000000002
2013-05-24,12.075,10.2125
2013-05-25,14.600000000000005,12.075
2013-05-26,15.175000000000002,14.600000000000005
2013-05-27,14.562499999999998,15.175000000000002
2013-05-28,17.8375,14.562499999999998
2013-05-29,18.6,17.8375
2013-05-30,16.5,18.6
2013-05-31,16.6125,16.5
2013-06-01,18.6875,16.6125
2013-06-02,20.4125,18.6875
2013-06-03,20.6625,20.4125
2013-06-05,21.2125,20.6625
2013-06-06,20.2875,21.2125
2013-06-07,18.3375,20.2875
2013-06-08,17.525000000000002,18.3375
2013-06-09,16.9,17.525000000000002
2013-06-10,15.1125,16.9
2013-06-11,14.7875,15.1125
2013-06-12,13.025,14.7875
2013-06-13,14.8625,13.025
2013-06-14,14.250000000000002,14.8625
2013-06-15,14.0875,14.250000000000002
2013-06-16,12.875,14.0875
2013-06-17,13.737500000000002,12.875
2013-06-18,16.2875,13.737500000000002
2013-06-19,15.925,16.2875
2013-06-20,14.6125,15.925
2013-06-21,18.275,14.6125
2013-06-22,18.225,18.275
2013-06-23,16.4,18.225
2013-06-24,18.2875,16.4
2013-06-25,21.325000000000006,18.2875
2013-06-26,23.75,21.325000000000006
2013-06-27,20.7875,23.75
2013-06-28,18.0875,20.7875
2013-06-29,17.012500000000006,18.0875
2013-06-30,17.8125,17.012500000000006
2013-07-01,18.45,17.8125
2013-07-03,17.637499999999996,18.45
2013-07-04,17.85,17.637499999999996
2013-07-05,20.7125,17.85
2013-07-06,19.1625,20.7125
2013-07-07,20.125000000000004,19.1625
2013-07-08,19.3625,20.125000000000004
2013-07-09,16.9625,19.3625
2013-07-10,17.11818181818182,16.9625
2013-07-12,17.6375,17.11818181818182
2013-07-13,18.954166666666673,17.6375
2013-07-14,19.683333333333334,18.954166666666673
2013-07-15,17.69583333333333,19.683333333333334
2013-07-16,17.0875,17.69583333333333
2013-07-17,17.766666666666673,17.0875
2013-07-18,16.0625,17.766666666666673
2013-07-19,14.271428571428574,16.0625
2013-07-20,16.35,14.271428571428574
2013-07-21,15.325,16.35
2013-07-22,14.900000000000002,15.325
2013-07-23,19.475,14.900000000000002
2013-07-24,17.8625,19.475
2013-07-25,18.775,17.8625
2013-07-26,19.3,18.775
2013-07-27,19.9,19.3
2013-07-28,19.6125,19.9
2013-07-29,19.3625,19.6125
2013-07-30,19.675,19.3625
2013-07-31,18.425,19.675
2013-08-02,18.500000000000004,18.425
2013-08-03,20.625,18.500000000000004
2013-08-04,20.5625,20.625
2013-08-05,19.275,20.5625
2013-08-06,19.725,19.275
2013-08-07,20.625,19.725
2013-08-08,21.5125,20.625
2013-08-09,19.637500000000006,21.5125
2013-08-10,18.8,19.637500000000006
2013-08-11,18.275,18.8
2013-08-12,16.375,18.275
2013-08-13,15.425,16.375
2013-08-14,13.5625,15.425
2013-08-15,16.3875,13.5625
2013-08-16,16.4125,16.3875
2013-08-17,15.3375,16.4125
2013-08-18,17.84285714285714,15.3375
2013-08-19,17.35,17.84285714285714
2013-08-20,16.425,17.35
2013-08-21,16.425,16.425
2013-08-22,16.337500000000002,16.425
2013-08-23,14.825,16.337500000000002
2013-08-24,14.1375,14.825
2013-08-25,14.812499999999998,14.1375
2013-08-26,16.5,14.812499999999998
2013-08-27,16.646153846153847,16.5
2013-08-28,16.88636363636363,16.646153846153847
2013-08-29,15.825,16.88636363636363
2013-08-30,14.9875,15.825
2013-08-31,15.7375,14.9875
2013-09-01,16.0875,15.7375
2013-09-02,12.337500000000002,16.0875
2013-09-03,13.712499999999995,12.337500000000002
2013-09-05,16.928571428571427,13.712499999999995
2013-09-06,14.675,16.928571428571427
2013-09-07,14.0125,14.675
2013-09-08,16.1875,14.0125
2013-09-09,16.0,16.1875
2013-09-10,15.4,16.0
2013-09-11,16.675,15.4
2013-09-12,16.1875,16.675
2013-09-13,15.4875,16.1875
2013-09-14,14.675,15.4875
2013-09-15,14.7875,14.675
2013-09-16,14.6375,14.7875
2013-09-17,15.249999999999998,14.6375
2013-09-18,15.1625,15.249999999999998
2013-09-19,15.4875,15.1625
2013-09-20,15.049999999999995,15.4875
2013-09-21,12.925,15.049999999999995
2013-09-22,11.4,12.925
2013-09-23,9.525,11.4
2013-09-24,7.9625,9.525
2013-09-25,4.425,7.9625
2013-09-26,3.628571428571429,4.425
2013-09-27,7.437500000000001,3.628571428571429
2013-09-28,7.362500000000002,7.437500000000001
2013-09-29,6.6625,7.362500000000002
2013-09-30,4.2125,6.6625
2013-10-01,5.025,4.2125
2013-10-03,9.5375,5.025
2013-10-04,9.15,9.5375
2013-10-05,10.425,9.15
2013-10-06,11.5375,10.425
2013-10-07,12.1875,11.5375
2013-10-08,11.125000000000002,12.1875
2013-10-09,11.5875,11.125000000000002
2013-10-10,11.537499999999998,11.5875
2013-10-11,9.7875,11.537499999999998
2013-10-12,7.4125,9.7875
2013-10-13,9.25,7.4125
2013-10-14,5.275,9.25
2013-10-15,8.825,5.275
2013-10-16,3.8875,8.825
2013-10-17,3.6625,3.8875
2013-10-18,4.3625,3.6625
2013-10-19,2.7125,4.3625
2013-10-20,1.5750000000000002,2.7125
2013-10-21,0.09999999999999996,1.5750000000000002
2013-10-22,1.7375,0.09999999999999996
2013-10-23,7.074999999999998,1.7375
2013-10-24,10.05,7.074999999999998
2013-10-25,9.1125,10.05
2013-10-26,7.1125,9.1125
2013-10-27,9.744444444444444,7.1125
2013-10-28,9.875,9.744444444444444
2013-10-29,9.6375,9.875
2013-10-30,7.474999999999999,9.6375
2013-10-31,6.0,7.474999999999999
2013-11-01,8.375,6.0
2013-11-02,7.874999999999999,8.375
2013-11-03,5.275,7.874999999999999
2013-11-05,7.012499999999998,5.275
2013-11-06,6.112499999999999,7.012499999999998
2013-11-07,5.425,6.112499999999999
2013-11-08,6.4125000000000005,5.425
2013-11-09,6.8875,6.4125000000000005
2013-11-10,6.674999999999999,6.8875
2013-11-11,2.8125000000000004,6.674999999999999
2013-11-12,5.925000000000002,2.8125000000000004
2013-11-13,6.362500000000002,5.925000000000002
2013-11-14,3.575,6.362500000000002
2013-11-15,6.175,3.575
2013-11-16,7.450000000000001,6.175
2013-11-17,6.3625,7.450000000000001
2013-11-18,4.5,6.3625
2013-11-19,5.65,4.5
2013-11-20,5.3375,5.65
2013-11-21,5.949999999999998,5.3375
2013-11-22,6.0875,5.949999999999998
2013-11-23,2.025,6.0875
2013-11-24,1.4249999999999998,2.025
2013-11-25,-1.3125000000000002,1.4249999999999998
2013-11-26,-1.2125000000000004,-1.3125000000000002
2013-11-27,4.762499999999998,-1.2125000000000004
2013-11-28,3.85,4.762499999999998
2013-11-29,-1.5125000000000002,3.85
2013-11-30,-1.7999999999999998,-1.5125000000000002
2013-12-01,1.975,-1.7999999999999998
2013-12-02,-1.0624999999999998,1.975
2013-12-04,-0.08750000000000002,-1.0624999999999998
2013-12-05,1.95,-0.08750000000000002
2013-12-06,1.9,1.95
2013-12-07,-0.6375,1.9
2013-12-08,-3.5874999999999995,-0.6375
2013-12-09,-6.2625,-3.5874999999999995
2013-12-10,-2.525,-6.2625
2013-12-11,2.5625,-2.525
2013-12-12,4.2625,2.5625
2013-12-13,2.375,4.2625
2013-12-14,-3.225,2.375
2013-12-15,1.4874999999999998,-3.225
2013-12-16,4.5125,1.4874999999999998
2013-12-17,4.812500000000001,4.5125
2013-12-18,1.7125,4.812500000000001
2013-12-19,2.7125,1.7125
2013-12-20,3.6875,2.7125
2013-12-21,4.425,3.6875
2013-12-22,5.6375,4.425
2013-12-23,4.5625,5.6375
2013-12-24,4.25,4.5625
2013-12-25,5.137499999999998,4.25
2013-12-26,4.45,5.137499999999998
2013-12-27,4.4125,4.45
2013-12-28,5.4125,4.4125
2013-12-29,5.1625000000000005,5.4125
2013-12-30,3.9125,5.1625000000000005
2013-12-31,4.1125,3.9125
2014-01-01,3.5500000000000003,4.1125
2014-01-03,1.7,3.5500000000000003
2014-01-04,2.55,1.7
2014-01-05,4.4875,2.55
2014-01-06,2.4375,4.4875
2014-01-07,3.4375000000000004,2.4375
2014-01-08,5.1375,3.4375000000000004
2014-01-09,4.625,5.1375
2014-01-10,1.7625000000000002,4.625
2014-01-11,-3.1625,1.7625000000000002
2014-01-12,-7.337499999999999,-3.1625
2014-01-13,-10.4375,-7.337499999999999
2014-01-14,-13.5625,-10.4375
2014-01-15,-10.437500000000002,-13.5625
2014-01-16,-11.45,-10.437500000000002
2014-01-17,-12.7125,-11.45
2014-01-18,-12.7125,-12.7125
2014-01-19,-12.1375,-12.7125
2014-01-20,-10.9875,-12.1375
2014-01-21,-10.4125,-10.9875
2014-01-22,-13.9,-10.4125
2014-01-23,-14.3125,-13.9
2014-01-24,-15.2625,-14.3125
2014-01-25,-7.1625000000000005,-15.2625
2014-01-26,-7.1625,-7.1625000000000005
2014-01-27,-7.012499999999998,-7.1625
2014-01-28,-6.924999999999999,-7.012499999999998
2014-01-29,-7.775,-6.924999999999999
2014-01-30,-9.7,-7.775
2014-01-31,-8.337499999999999,-9.7
2014-02-01,-5.5625,-8.337499999999999
2014-02-02,-2.6125,-5.5625
2014-02-03,-0.425,-2.6125
2014-02-05,-2.85,-0.425
2014-02-06,-5.2625,-2.85
2014-02-07,-1.0625,-5.2625
2014-02-08,1.5625,-1.0625
2014-02-09,2.075,1.5625
2014-02-10,1.35,2.075
2014-02-11,0.2625,1.35
2014-02-12,0.875,0.2625
2014-02-13,1.2375,0.875
2014-02-14,0.7999999999999999,1.2375
2014-02-15,0.4125,0.7999999999999999
2014-02-16,1.3625,0.4125
2014-02-17,1.8375,1.3625
2014-02-18,1.35,1.8375
2014-02-19,0.5625,1.35
2014-02-20,-1.7125,0.5625
2014-02-21,-1.65,-1.7125
2014-02-22,1.7875,-1.65
2014-02-23,2.1625,1.7875
2014-02-24,3.275,2.1625
2014-02-25,1.9125,3.275
2014-02-26,0.575,1.9125
2014-02-27,0.9625,0.575
2014-02-28,0.8624999999999999,0.9625
2014-03-01,0.07500000000000001,0.8624999999999999
2014-03-02,0.6875000000000001,0.07500000000000001
2014-03-03,0.9,0.6875000000000001
2014-03-05,1.2625000000000004,0.9
2014-03-06,0.55,1.2625000000000004
2014-03-07,1.725,0.55
2014-03-08,4.175,1.725
2014-03-09,3.425,4.175
2014-03-10,4.225,3.425
2014-03-11,4.7875,4.225
2014-03-12,5.75,4.7875
2014-03-13,5.0,5.75
2014-03-14,4.699999999999998,5.0
2014-03-15,0.7625000000000001,4.699999999999998
2014-03-16,-1.5,0.7625000000000001
2014-03-17,-4.062499999999999,-1.5
2014-03-18,-1.7875,-4.062499999999999
2014-03-19,-1.95,-1.7875
2014-03-20,-2.4250000000000007,-1.95
2014-03-21,4.475,-2.4250000000000007
2014-03-22,3.3375,4.475
2014-03-23,2.725,3.3375
2014-03-24,3.475,2.725
2014-03-25,4.9,3.475
2014-03-26,3.55,4.9
2014-03-27,4.0,3.55
2014-03-28,3.5875,4.0
2014-03-29,2.975,3.5875
2014-03-30,4.771428571428571,2.975
2014-03-31,1.65,4.771428571428571
2014-04-01,1.1125,1.65
2014-04-03,2.7875,1.1125
2014-04-04,2.2625,2.7875
2014-04-05,3.0875,2.2625
2014-04-06,3.6,3.0875
2014-04-07,2.9,3.6
2014-04-08,2.8875,2.9
2014-04-09,2.7125,2.8875
2014-04-10,1.925,2.7125
2014-04-11,3.8875,1.925
2014-04-12,3.5375,3.8875
2014-04-13,4.275,3.5375
2014-04-14,5.1,4.275
2014-04-15,5.4,5.1
2014-04-17,5.275,5.4
2014-04-18,8.35,5.275
2014-04-19,8.999999999999998,8.35
2014-04-20,9.6125,8.999999999999998
2014-04-21,9.4,9.6125
2014-04-22,12.5875,9.4
2014-04-23,7.7714285714285705,12.5875
2014-04-24,6.25,7.7714285714285705
2014-04-25,7.95,6.25
2014-04-26,9.2,7.95
2014-04-27,11.25,9.2
2014-04-28,11.5375,11.25
2014-04-29,10.037499999999998,11.5375
2014-04-30,7.3875,10.037499999999998
2014-05-01,4.9,7.3875
2014-05-02,3.2750000000000004,4.9
2014-05-03,4.85,3.2750000000000004
2014-05-04,4.4625,4.85
2014-05-05,4.0125,4.4625
2014-05-06,4.75,4.0125
2014-05-08,5.5375,4.75
2014-05-09,7.612500000000002,5.5375
2014-05-10,8.112499999999999,7.612500000000002
2014-05-11,8.971428571428572,8.112499999999999
2014-05-12,9.125,8.971428571428572
2014-05-13,9.65,9.125
2014-05-14,10.95,9.65
2014-05-15,8.5375,10.95
2014-05-16,8.5875,8.5375
2014-05-17,10.8125,8.5875
2014-05-18,14.925,10.8125
2014-05-19,18.575000000000006,14.925
2014-05-20,17.9875,18.575000000000006
2014-05-21,14.7625,17.9875
2014-05-22,16.7125,14.7625
2014-05-23,18.025,16.7125
2014-05-24,21.1625,18.025
2014-05-25,20.075000000000006,21.1625
2014-05-26,17.9875,20.075000000000006
2014-05-27,8.8875,17.9875
2014-05-28,6.8375,8.8875
2014-05-29,8.7,6.8375
2014-05-30,11.225,8.7
2014-05-31,11.125,11.225
2014-06-01,12.5125,11.125
2014-06-02,14.662499999999998,12.5125
2014-06-04,18.1,14.662499999999998
2014-06-05,19.2375,18.1
2014-06-06,17.7375,19.2375
2014-06-07,15.357142857142858,17.7375
2014-06-08,14.725,15.357142857142858
2014-06-09,16.0875,14.725
2014-06-10,16.45,16.0875
2014-06-11,16.175,16.45
2014-06-12,13.275000000000002,16.175
2014-06-13,12.9875,13.275000000000002
2014-06-14,13.537499999999998,12.9875
2014-06-15,13.075,13.537499999999998
2014-06-16,12.4875,13.075
2014-06-17,8.15,12.4875
2014-06-18,11.35,8.15
2014-06-19,13.025,11.35
2014-06-20,11.675,13.025
2014-06-21,9.875,11.675
2014-06-22,9.5875,9.875
2014-06-23,9.5875,9.5875
2014-06-24,11.6,9.5875
2014-06-25,12.5875,11.6
2014-06-26,12.425,12.5875
2014-06-27,12.8625,12.425
2014-06-28,14.562499999999998,12.8625
2014-06-29,13.1,14.562499999999998
2014-06-30,13.5,13.1
2014-07-01,13.1875,13.5
2014-07-03,14.8625,13.1875
2014-07-04,16.3875,14.8625
2014-07-05,16.575,16.3875
2014-07-06,18.1875,16.575
2014-07-07,20.0875,18.1875
2014-07-08,21.3,20.0875
2014-07-09,22.225,21.3
2014-07-10,17.8125,22.225
2014-07-11,16.337500000000002,17.8125
2014-07-12,17.462500000000002,16.337500000000002
2014-07-13,20.5875,17.462500000000002
2014-07-14,19.175,20.5875
2014-07-15,18.725,19.175
2014-07-16,17.612499999999994,18.725
2014-07-17,18.4125,17.612499999999994
2014-07-18,19.387500000000006,18.4125
2014-07-19,20.75,19.387500000000006
2014-07-20,20.75,20.75
2014-07-21,21.05,20.75
2014-07-22,22.0,21.05
2014-07-23,24.6875,22.0
2014-07-24,22.975,24.6875
2014-07-25,23.35,22.975
2014-07-26,24.7,23.35
2014-07-27,24.4125,24.7
2014-07-28,24.8375,24.4125
2014-07-29,23.5625,24.8375
2014-07-30,22.7125,23.5625
2014-07-31,23.3375,22.7125
2014-08-01,21.775,23.3375
2014-08-02,21.825,21.775
2014-08-03,22.5625,21.825
2014-08-05,24.225,22.5625
2014-08-06,24.525,24.225
2014-08-07,23.3,24.525
2014-08-08,21.2875,23.3
2014-08-09,20.875000000000004,21.2875
2014-08-10,21.1875,20.875000000000004
2014-08-11,22.412500000000005,21.1875
2014-08-12,21.25,22.412500000000005
2014-08-13,17.700000000000006,21.25
2014-08-14,17.8875,17.700000000000006
2014-08-15,17.5,17.8875
2014-08-16,18.0125,17.5
2014-08-17,16.9875,18.0125
2014-08-18,16.475,16.9875
2014-08-19,15.35,16.475
2014-08-20,14.1,15.35
2014-08-21,14.7875,14.1
2014-08-22,14.675,14.7875
2014-08-23,13.412499999999998,14.675
2014-08-24,14.2875,13.412499999999998
2014-08-25,13.4625,14.2875
2014-08-26,14.5125,13.4625
2014-08-27,14.225,14.5125
2014-08-28,14.5625,14.225
2014-08-29,12.95,14.5625
2014-08-30,12.8875,12.95
2014-08-31,13.05,12.8875
2014-09-01,12.125,13.05
2014-09-03,16.1875,12.125
2014-09-04,15.6,16.1875
2014-09-05,16.900000000000002,15.6
2014-09-06,14.375,16.900000000000002
2014-09-07,14.2875,14.375
2014-09-08,15.537499999999998,14.2875
2014-09-09,16.9625,15.537499999999998
2014-09-10,14.75,16.9625
2014-09-11,14.9875,14.75
2014-09-12,15.275,14.9875
2014-09-13,14.325,15.275
2014-09-14,12.8875,14.325
2014-09-15,13.05,12.8875
2014-09-16,12.45,13.05
2014-09-17,12.1625,12.45
2014-09-18,12.475,12.1625
2014-09-19,14.000000000000002,12.475
2014-09-20,14.6875,14.000000000000002
2014-09-22,11.625,14.6875
2014-09-23,4.0625,11.625
2014-09-24,5.15,4.0625
2014-09-25,11.45,5.15
2014-09-26,12.1375,11.45
2014-09-27,12.1625,12.1375
2014-09-28,12.825,12.1625
2014-09-29,12.375,12.825
2014-09-30,9.2375,12.375
2014-10-01,6.625,9.2375
2014-10-03,11.425,6.625
2014-10-04,11.725,11.425
2014-10-05,8.524999999999999,11.725
2014-10-06,7.737499999999999,8.524999999999999
2014-10-07,9.0375,7.737499999999999
2014-10-08,8.737499999999999,9.0375
2014-10-10,12.0625,8.737499999999999
2014-10-11,11.5125,12.0625
2014-10-12,7.937499999999999,11.5125
2014-10-13,8.0,7.937499999999999
2014-10-14,9.125000000000002,8.0
2014-10-15,4.7625,9.125000000000002
2014-10-16,2.975,4.7625
2014-10-17,1.6,2.975
2014-10-18,-0.20000000000000007,1.6
2014-10-19,6.924999999999999,-0.20000000000000007
2014-10-20,7.4,6.924999999999999
2014-10-21,1.6125,7.4
2014-10-22,-1.275,1.6125
2014-10-23,-1.7125,-1.275
2014-10-24,0.5,-1.7125
2014-10-25,3.6125000000000007,0.5
2014-10-26,6.9111111111111105,3.6125000000000007
2014-10-27,10.412499999999998,6.9111111111111105
2014-10-28,10.7125,10.412499999999998
2014-10-29,9.15,10.7125
2014-10-30,6.300000000000002,9.15
2014-10-31,4.5125,6.300000000000002
2014-11-01,2.275,4.5125
2014-11-02,6.362500000000002,2.275
2014-11-03,8.75,6.362500000000002
2014-11-05,4.1375,8.75
2014-11-06,1.5875,4.1375
2014-11-07,2.2750000000000004,1.5875
2014-11-08,1.5,2.2750000000000004
2014-11-09,6.112500000000002,1.5
2014-11-10,5.9875,6.112500000000002
2014-11-11,8.0375,5.9875
2014-11-12,6.8625,8.0375
2014-11-13,3.7,6.8625
2014-11-14,2.6375,3.7
2014-11-15,1.925,2.6375
2014-11-16,3.55,1.925
2014-11-17,2.9125000000000005,3.55
2014-11-18,2.525,2.9125000000000005
2014-11-19,1.5625,2.525
2014-11-20,-0.25,1.5625
2014-11-21,-0.9,-0.25
2014-11-22,-1.375,-0.9
2014-11-23,0.825,-1.375
2014-11-24,1.7,0.825
2014-11-25,2.875,1.7
2014-11-26,4.1375,2.875
2014-11-27,3.625,4.1375
2014-11-28,2.6,3.625
2014-11-29,1.05,2.6
2014-11-30,-1.3375,1.05
2014-12-01,-2.5375,-1.3375
2014-12-03,3.3375,-2.5375
2014-12-04,3.575,3.3375
2014-12-05,2.7375,3.575
2014-12-06,2.625,2.7375
2014-12-07,4.3625,2.625
2014-12-08,3.3875,4.3625
2014-12-09,4.1875,3.3875
2014-12-10,3.6625,4.1875
2014-12-11,3.1750000000000003,3.6625
2014-12-12,2.5625,3.1750000000000003
2014-12-13,1.8625,2.5625
2014-12-14,2.625,1.8625
2014-12-15,3.2,2.625
2014-12-16,3.625,3.2
2014-12-17,2.1375,3.625
2014-12-18,1.7625,2.1375
2014-12-19,4.362500000000002,1.7625
2014-12-20,2.1250000000000004,4.362500000000002
2014-12-21,0.3125,2.1250000000000004
2014-12-22,-1.225,0.3125
2014-12-23,-6.2875000000000005,-1.225
2014-12-24,-4.725,-6.2875000000000005
2014-12-25,-10.249999999999998,-4.725
2014-12-26,-3.3,-10.249999999999998
2014-12-27,-4.975,-3.3
2014-12-28,-9.025,-4.975
2014-12-29,-13.95,-9.025
2014-12-30,-0.10000000000000003,-13.95
2014-12-31,3.7,-0.10000000000000003
2015-01-01,3.3875,3.7
2015-01-02,4.225,3.3875
2015-01-03,1.7999999999999998,4.225
2015-01-04,-1.5499999999999998,1.7999999999999998
2015-01-06,-10.7125,-1.5499999999999998
2015-01-07,-2.525,-10.7125
2015-01-08,1.1,-2.525
2015-01-09,0.9250000000000004,1.1
2015-01-10,-0.45,0.9250000000000004
2015-01-11,-6.175,-0.45
2015-01-12,-10.2625,-6.175
2015-01-13,1.725,-10.2625
2015-01-14,2.0875,1.725
2015-01-15,2.225,2.0875
2015-01-16,2.3125,2.225
2015-01-17,2.8375,2.3125
2015-01-18,2.325,2.8375
2015-01-19,-0.3625,2.325
2015-01-20,-2.1125,-0.3625
2015-01-21,-3.5625,-2.1125
2015-01-22,-6.637499999999998,-3.5625
2015-01-23,-3.2875,-6.637499999999998
2015-01-24,-0.6375,-3.2875
2015-01-25,-0.575,-0.6375
2015-01-26,1.1124999999999998,-0.575
2015-01-27,0.4375,1.1124999999999998
2015-01-28,0.9875,0.4375
2015-01-30,1.025,0.9875
2015-01-31,0.8250000000000001,1.025
2015-02-01,0.6375,0.8250000000000001
2015-02-02,1.1,0.6375
2015-02-03,0.6125,1.1
2015-02-04,-1.0125,0.6125
2015-02-05,-0.9125,-1.0125
2015-02-06,0.85,-0.9125
2015-02-07,1.2125,0.85
2015-02-08,-2.675,1.2125
2015-02-09,-1.875,-2.675
2015-02-10,4.5875,-1.875
2015-02-11,3.4625,4.5875
2015-02-12,1.9625000000000004,3.4625
2015-02-13,1.2,1.9625000000000004
2015-02-14,0.6375000000000001,1.2
2015-02-15,-4.7125,0.6375000000000001
2015-02-16,-2.375,-4.7125
2015-02-17,-1.275,-2.375
2015-02-18,1.9875,-1.275
2015-02-19,2.6250000000000004,1.9875
2015-02-20,2.7,2.6250000000000004
2015-02-21,1.9125,2.7
2015-02-22,2.2375,1.9125
2015-02-23,2.35,2.2375
2015-02-24,2.7375000000000007,2.35
2015-02-26,1.35,2.7375000000000007
2015-02-27,0.9875000000000002,1.35
2015-02-28,1.3875,0.9875000000000002
2015-03-01,2.0375,1.3875
2015-03-02,2.6125,2.0375
2015-03-03,1.95,2.6125
2015-03-04,1.55,1.95
2015-03-05,1.6,1.55
2015-03-06,1.6875,1.6
2015-03-07,2.125,1.6875
2015-03-08,4.7875,2.125
2015-03-09,6.074999999999998,4.7875
2015-03-10,3.4875,6.074999999999998
2015-03-11,4.1875,3.4875
2015-03-12,1.4999999999999998,4.1875
2015-03-13,1.6124999999999998,1.4999999999999998
2015-03-14,2.2625,1.6124999999999998
2015-03-15,3.325,2.2625
2015-03-16,3.3,3.325
2015-03-17,3.2625,3.3
2015-03-18,3.6375,3.2625
2015-03-19,3.075,3.6375
2015-03-20,2.825,3.075
2015-03-21,-1.2875,2.825
2015-03-22,-2.6875,-1.2875
2015-03-23,2.3625,-2.6875
2015-03-24,5.0875,2.3625
2015-03-25,-0.65,5.0875
2015-03-26,0.475,-0.65
2015-03-27,2.2125,0.475
2015-03-28,3.662500000000001,2.2125
2015-03-29,2.685714285714286,3.662500000000001
2015-03-30,1.4625,2.685714285714286
2015-03-31,2.7,1.4625
2015-04-01,2.2125,2.7
2015-04-02,2.5125,2.2125
2015-04-03,2.05,2.5125
2015-04-04,2.6375,2.05
2015-04-05,2.2875,2.6375
2015-04-06,4.0875,2.2875
2015-04-07,4.2875000000000005,4.0875
2015-04-08,6.75,4.2875000000000005
2015-04-09,6.4375,6.75
2015-04-10,6.125,6.4375
2015-04-11,7.6125,6.125
2015-04-12,5.887500000000001,7.6125
2015-04-13,5.7250000000000005,5.887500000000001
2015-04-14,3.7875,5.7250000000000005
2015-04-15,4.1000000000000005,3.7875
2015-04-16,4.1375,4.1000000000000005
2015-04-17,3.8,4.1375
2015-04-18,4.7875,3.8
2015-04-19,5.4375,4.7875
2015-04-20,7.725,5.4375
2015-04-21,8.2875,7.725
2015-04-22,8.799999999999997,8.2875
2015-04-23,7.587499999999999,8.799999999999997
2015-04-24,5.987500000000002,7.587499999999999
2015-04-25,5.5625,5.987500000000002
2015-04-26,5.9625,5.5625
2015-04-27,5.4625,5.9625
2015-04-28,9.2,5.4625
2015-04-29,6.1375,9.2
2015-04-30,4.3,6.1375
2015-05-01,7.6375,4.3
2015-05-02,6.0875,7.6375
2015-05-03,7.012499999999998,6.0875
2015-05-04,6.75,7.012499999999998
2015-05-05,7.5125,6.75
2015-05-06,9.5125,7.5125
2015-05-07,9.0125,9.5125
2015-05-08,7.974999999999999,9.0125
2015-05-09,8.137500000000001,7.974999999999999
2015-05-10,8.225,8.137500000000001
2015-05-11,8.7125,8.225
2015-05-12,9.2375,8.7125
2015-05-13,8.1375,9.2375
2015-05-14,9.9625,8.1375
2015-05-15,6.800000000000002,9.9625
2015-05-16,7.837499999999999,6.800000000000002
2015-05-17,9.225,7.837499999999999
2015-05-18,7.725000000000001,9.225
2015-05-19,9.6125,7.725000000000001
2015-05-20,10.6,9.6125
2015-05-21,9.5875,10.6
2015-05-22,11.0375,9.5875
2015-05-23,9.7875,11.0375
2015-05-24,9.8875,9.7875
2015-05-25,9.75,9.8875
2015-05-26,11.500000000000002,9.75
2015-05-27,12.625,11.500000000000002
2015-05-28,13.2125,12.625
2015-05-29,10.8125,13.2125
2015-05-30,10.875,10.8125
2015-05-31,11.225,10.875
2015-06-01,11.4875,11.225
2015-06-02,12.562500000000002,11.4875
2015-06-03,12.7375,12.562500000000002
2015-06-04,13.275,12.7375
2015-06-05,13.95,13.275
2015-06-06,11.925,13.95
2015-06-07,13.6,11.925
2015-06-08,12.2375,13.6
2015-06-09,12.3375,12.2375
2015-06-10,12.1875,12.3375
2015-06-11,14.075,12.1875
2015-06-12,13.4625,14.075
2015-06-13,15.062500000000002,13.4625
2015-06-14,12.8,15.062500000000002
2015-06-15,12.225,12.8
2015-06-16,11.95,12.225
2015-06-17,11.9875,11.95
2015-06-18,10.8,11.9875
2015-06-19,12.875,10.8
2015-06-20,13.125,12.875
2015-06-21,12.3875,13.125
2015-06-22,14.0125,12.3875
2015-06-23,14.525,14.0125
2015-06-24,13.5125,14.525
2015-06-25,13.3875,13.5125
2015-06-26,13.2,13.3875
2015-06-27,14.4125,13.2
2015-06-28,15.4625,14.4125
2015-06-29,16.9375,15.4625
2015-06-30,15.000000000000002,16.9375
2015-07-01,17.8125,15.000000000000002
2015-07-02,18.4375,17.8125
2015-07-03,21.15,18.4375
2015-07-04,20.8125,21.15
2015-07-05,19.4625,20.8125
2015-07-06,15.6125,19.4625
2015-07-07,15.312500000000002,15.6125
2015-07-08,15.400000000000002,15.312500000000002
2015-07-09,15.9625,15.400000000000002
2015-07-10,14.6625,15.9625
2015-07-11,16.737499999999994,14.6625
2015-07-12,14.2625,16.737499999999994
2015-07-13,14.6,14.2625
2015-07-14,14.387500000000005,14.6
2015-07-15,17.2875,14.387500000000005
2015-07-16,16.5875,17.2875
2015-07-17,15.95,16.5875
2015-07-18,15.4875,15.95
2015-07-19,15.8,15.4875
2015-07-20,16.0625,15.8
2015-07-21,16.95,16.0625
2015-07-22,15.85,16.95
2015-07-23,15.625,15.85
2015-07-25,16.9,15.625
2015-07-26,16.424999999999994,16.9
2015-07-27,16.400000000000002,16.424999999999994
2015-07-28,15.2,16.400000000000002
2015-07-29,15.4,15.2
2015-07-30,15.725,15.4
2015-07-31,14.9625,15.725
2015-08-01,15.9,14.9625
2015-08-02,16.0375,15.9
2015-08-03,17.412499999999998,16.0375
2015-08-04,16.575000000000006,17.412499999999998
2015-08-05,16.974999999999998,16.575000000000006
2015-08-06,18.4125,16.974999999999998
2015-08-07,18.762500000000006,18.4125
2015-08-08,19.1375,18.762500000000006
2015-08-09,19.5,19.1375
2015-08-10,18.887500000000006,19.5
2015-08-11,19.25,18.887500000000006
2015-08-12,20.3,19.25
2015-08-13,18.125,20.3
2015-08-14,16.525000000000002,18.125
2015-08-15,17.0875,16.525000000000002
2015-08-16,16.450000000000006,17.0875
2015-08-18,15.7875,16.450000000000006
2015-08-19,15.2625,15.7875
2015-08-20,16.3,15.2625
2015-08-21,17.2625,16.3
2015-08-22,18.2875,17.2625
2015-08-23,18.6375,18.2875
2015-08-24,19.2,18.6375
2015-08-25,19.9625,19.2
2015-08-26,18.9125,19.9625
2015-08-27,17.3375,18.9125
2015-08-28,17.262500000000006,17.3375
2015-08-29,17.7,17.262500000000006
2015-08-30,15.175,17.7
2015-08-31,14.9,15.175
2015-09-01,15.3625,14.9
2015-09-02,14.087500000000002,15.3625
